"mc","mc_l95","mc_h95","sc","sc_l95","sc_h95"
0.225,0.0859889967587518,0.35621472576071,0.281,0.143102067390982,0.417148605260128
