"mc","mc_l95","mc_h95","sc","sc_l95","sc_h95"
0.234,0.160488350100414,0.308756093160241,0.303,0.224337234240032,0.382729298221812
