"mc","mc_l95","mc_h95","sc","sc_l95","sc_h95"
0.189,0.0771141251188447,0.309488920408672,0.24,0.125140086311917,0.309488920408672
