"mc","mc_l95","mc_h95","sc","sc_l95","sc_h95"
0.093,-0.0380485932292013,0.219036543587631,0.19,0.0450130145137401,0.328332045987019
