"mc","mc_l95","mc_h95","sc","sc_l95","sc_h95"
-0.072,-0.216367446788962,0.0617236769406861,-0.048,-0.185070510024571,0.0926853764133024
