"mc","mc_l95","mc_h95","sc","sc_l95","sc_h95"
0.256,0.12974230507089,0.38351374918677,0.307,0.179326668577281,0.444171984576331
