"mc","mc_l95","mc_h95","sc","sc_l95","sc_h95"
0.026,-0.0926333862778709,0.148695832132688,0.12,-0.00190772564379011,0.250075730146513
