"mc","mc_l95","mc_h95","sc","sc_l95","sc_h95"
0.257,0.117557603542363,0.417916489655918,0.322,0.180692782465463,0.488627894741223
