"mc","mc_l95","mc_h95","sc","sc_l95","sc_h95"
0.226,0.0850701627611399,0.35323958661284,0.305,0.156356789592024,0.452658129805173
