"mc","mc_l95","mc_h95","sc","sc_l95","sc_h95"
0.28,0.130576997678639,0.405467762556984,0.344,0.207452058082185,0.479696233300334
