"mc","mc_l95","mc_h95","sc","sc_l95","sc_h95"
0.182,0.0245013608861627,0.335211435739565,0.247,0.102039047724447,0.400374514519881
