"mc","mc_l95","mc_h95","sc","sc_l95","sc_h95"
0.232,0.0994464589395993,0.359907410515534,0.302,0.161249864387986,0.431204652786678
