"mc","mc_l95","mc_h95","sc","sc_l95","sc_h95"
0.089,-0.0447571541863385,0.217570806672948,0.162,0.0256611207433412,0.293790301548457
