"mc","mc_l95","mc_h95","sc","sc_l95","sc_h95"
0.144,-0.0201490387505722,0.277525234955462,0.169,0.0147439125564752,0.302164499529081
