"mc","mc_l95","mc_h95","sc","sc_l95","sc_h95"
0.198,0.0399684156526606,0.342554591859732,0.241,0.0757917425421523,0.385760442630754
