"mc","mc_l95","mc_h95","sc","sc_l95","sc_h95"
0.105,0.0135778884050495,0.190174994652499,0.146,0.0409216016545316,0.233096409345433
