"mc","mc_l95","mc_h95","sc","sc_l95","sc_h95"
0.128,0.0463309995864412,0.242026349189314,0.148,0.0487752872843913,0.264547135587431
