"mc","mc_l95","mc_h95","sc","sc_l95","sc_h95"
0.007,-0.104247238060191,0.124676756467034,0.086,-0.029457027492031,0.213724520851233
