"idw_est","idw_se"
0.185284719621351,0.0758105312516654
