"dd_est","dd_se"
0.140673508050486,0.184382787433125
